{
  "components": [
    {
      "data": {
        "contents_checksum": "0cc7240a10deb4be76e40163bcb1b532f8775ed49aebef50f7cd6393784f33b9",
        "source": "",
        "type": "tar"
      },
      "dependencies": [
        "bq-nix",
        "bq-win",
        "core"
      ],
      "details": {
        "description": "Provides the bq tool for interacting with the BigQuery service.",
        "display_name": "BigQuery Command Line Tool"
      },
      "gdu_only": false,
      "id": "bq",
      "is_configuration": false,
      "is_hidden": false,
      "is_required": false,
      "platform": {},
      "platform_required": false,
      "version": {
        "build_number": 20250725161220,
        "version_string": "2.1.21"
      }
    }
  ],
  "revision": 20250725161220,
  "schema_version": {
    "no_update": false,
    "url": "https://dl.google.com/dl/cloudsdk/channels/rapid/google-cloud-sdk.tar.gz",
    "version": 3
  },
  "version": "532.0.0"
}