{
  "components": [
    {
      "data": {
        "contents_checksum": "134cd0b20104c6b46a48c7906c57e2e4f57c6c73370966a21d0226cc3bcfaca2",
        "source": "",
        "type": "tar"
      },
      "dependencies": [
        "core",
        "gsutil-nix",
        "gsutil-win"
      ],
      "details": {
        "description": "Provides the gsutil tool for interacting with Google Cloud Storage.",
        "display_name": "Cloud Storage Command Line Tool"
      },
      "gdu_only": true,
      "id": "gsutil",
      "is_configuration": false,
      "is_hidden": false,
      "is_required": false,
      "platform": {},
      "platform_required": false,
      "version": {
        "build_number": 20250725161220,
        "version_string": "5.35"
      }
    }
  ],
  "revision": 20250725161220,
  "schema_version": {
    "no_update": false,
    "url": "https://dl.google.com/dl/cloudsdk/channels/rapid/google-cloud-sdk.tar.gz",
    "version": 3
  },
  "version": "532.0.0"
}